,product_id,discounted_price,actual_price
0,B07JW9H4J1,,1099.0
8,B098NS6PVG,,349.0
16,B096MSW6CT,,1899.0
24,B08HDJ86NZ,,699.0
32,B08CF3B7N1,,399.0
40,B08Y1TFSP6,149.0,
48,B08WRWPM22,,499.0
56,B08DDRGWTJ,,299.0
64,B008IFXQFU,,999.0
72,B082LZGK39,,299.0
80,B08CF3D7QR,154.0,
88,B0789LZTCJ,,799.0
96,B07KSMBL2H,219.0,
104,B085DTN6R2,350.0,
112,B09KLVMZ3B,159.0,
120,B083342NKJ,349.0,
128,B0B6F7LX4C,,24999.0
136,B082LSVT4B,,399.0
144,B08WRBG3XW,199.0,
152,B08DPLCM6T,13490.0,
160,B09C6HXFC1,,1799.0
168,B085194JFL,279.0,
176,B09F6S8BT6,13490.0,
184,B09NHVCHS9,59.0,
192,B0B1YVCJ2Y,,19990.0
200,B01M4GGIVU,,699.0
208,B08B42LWKN,,19999.0
216,B094JNXNPV,299.0,
224,B09W5XR9RT,970.0,
232,B077Z65HSD,299.0,
240,B00NH11PEY,199.0,
248,B09CMM3VGK,179.0,
256,B08QSC1XY8,389.0,
264,B008FWZGSG,599.0,
272,B0B4HJNPV4,199.0,
280,B08Y1SJVV5,,666.66
288,B07XLCFSSN,899.0,
296,B09RZS1NQT,,999.0
304,B0B3MMYHYW,32999.0,
312,B09C6HWG18,970.0,
320,B00NH11KIK,,695.0
328,B09JPC82QC,,34999.0
336,B07JW1Y6XV,,1099.0
344,B07KRCW6LZ,,1599.0
352,B09NJN8L25,59.0,
360,B07XJYYH7L,,999.0
368,B002PD61Y4,507.0,
376,B014I8SSD0,,475.0
384,B09L8DSSFH,399.0,
392,B07232M876,,395.0
400,B07P681N66,,2199.0
408,B0711PVX6Z,179.0,
416,B082T6V3DT,799.0,
424,B07MKFNHKG,,12999.0
432,B0BFWGBX61,,349.0
440,B01N90RZ4M,,499.0
448,B0088TKTY2,649.0,
456,B09Q5SWVBJ,,21999.0
464,B0B4DT8MKT,,1499.0
472,B08CDKQ8T6,154.0,
480,B07B275VN9,,799.0
488,B0B15CPR37,,47900.0
496,B0994GFWBH,,999.0
504,B01GGKZ0V6,,845.0
512,B09F9YQQ7B,13999.0,
520,B014I8SX4Y,309.0,
528,B09Q8HMKZX,,699.0
536,B0B9XN9S3W,7999.0,
544,B07966M8XH,,2999.0
552,B01GGKYKQM,,700.0
560,B0B86CDHL1,,899.0
568,B0B5ZF3NRK,,599.0
576,B09RFC46VP,26999.0,
584,B08R69VDHT,,499.0
592,B09RWZRCP1,,999.0
600,B09CMP1SC8,199.0,
608,B09YLXYP7Y,,399.0
616,B09ZPM4C2C,10901.0,
624,B0B2DJDCPX,,499.0
632,B0BCZCQTJX,1434.0,
640,B07LGT55SJ,399.0,
648,B09NKZXMWJ,,249.0
656,B08QX1CC14,7299.0,
664,B0974H97TJ,,799.0
672,B07GVGTSLN,325.0,
680,B09VCHLSJF,29999.0,
688,B0B1YZX72F,,40990.0
696,B092BJMT8Q,,52900.0
704,B0BMXMLSMM,199.0,
712,B07JH1C41D,,1999.0
720,B0141EZMAI,,800.0
728,B09Q5P2MT3,,31999.0
736,B08HDH26JX,,699.0
744,B09VT6JKRP,,999.0
752,B09T3KB6JZ,18990.0,
760,B093QCY6YJ,290.0,
768,B093ZNQZ2Y,249.0,
776,B08LKS3LSP,,999.0
784,B00V4BGDKU,1099.0,
792,B08CHKQ8D4,,1499.0
800,B09BW334ML,,1499.0
808,B082T6GVLJ,849.0,
816,B07DL1KC3H,,899.0
824,B0B6F98KJJ,21999.0,
832,B07JNVF678,,999.0
840,B09QGZFBPM,,999.0
848,B07JGDB5M1,449.0,
856,B0981XSZJ7,,999.0
864,B0B9XLX8VR,37999.0,
868,B08Y5KXR6Z,,800.0
876,B09F6VHQXB,,20000.0
884,B0974G5Q2Y,273.1,
892,B09YL9SN9B,15990.0,
900,B09RX1FK54,399.0,
908,B09TT6BFDX,399.0,
916,B09KH58JZR,210.0,
924,B09DDCQFMT,1299.0,
932,B08RP2L2NL,347.0,
940,B0B4G2MWSB,,999.0
948,B0B21C4BMX,,899.0
956,B084MZXJNK,1599.0,
964,B0BHZCNC4P,1499.0,
972,B0B16KD737,8499.0,
980,B099K9ZX65,,44990.0
988,B08Y55LPBF,,44999.0
996,B015OW3M1W,,1700.0
1004,B01D5H8ZI8,229.0,
1012,B09X1M3DHX,,27990.0
1020,B09MM6P76N,349.0,
1028,B01D5H8LDM,,1200.0
1036,B0B1YY6JJL,23999.0,
1044,B09QGZM8QB,399.0,
1052,B08L4SBJRY,349.0,
1060,B09X79PP8F,179.0,
1068,B082T6GVG9,689.0,
1076,B0B3XY5YT4,30990.0,
1084,B0B4HKH19N,249.0,
1092,B08TGG316Z,999.0,
1095,B071VMP1Z4,399.0,
1103,B071SDRGWL,349.0,
1111,B08PSQRW2T,,1099.0
1119,B0859M539M,,2999.0
1127,B08RX8G496,655.0,
1135,B002SZEOLG,749.0,
1143,B08CS3BT4L,,12999.0
1151,B00RFWNJMC,,499.0
1159,B082T6GXS5,,2100.0
1167,B09CMQRQM6,499.0,
1175,B005LJQMCK,,599.0
1183,B09C6H53KH,,699.0
1191,B0BB3CBFBM,29990.0,
1199,B08QSDKFGQ,339.0,
1207,B08PV1X771,,20900.0
1215,B07YTNKVJQ,499.0,
1223,B0117H7GZ6,249.0,
1231,B09XJ1LM7R,399.0,
1232,B084N133Y7,1499.0,
1240,B088Z1YWBC,,15990.0
1248,B07VSG5SXZ,637.0,
1255,B08RWCZ6SY,399.0,
1263,B07KSB1MLX,1089.0,
1271,B081FG1QYX,,999.0
1279,B08R69WBN7,,499.0
1287,B0B3RHX6B6,149.0,
1295,B084N18QZY,599.0,
1303,B081NHWT6Z,,1199.0
1311,B07JPJJZ2H,,1299.0
1319,B09JKNF147,339.0,
1327,B0B9959XF3,,22990.0
1335,B09PNR6F8Q,249.0,
1343,B07M69276N,,2499.0
1351,B0B1YZ9CB8,,47990.0
1359,B09YLYB9PB,,399.0
1367,B08CTNJ985,,999.0
1375,B0BP7XLX48,399.0,
1380,B09LHXNZLR,199.0,
1388,B0B3N8VG24,88.0,
1396,B08PSVBB2X,399.0,
1404,B0B3MQXNFB,57.89,
1412,B08XMSKKMM,799.0,
1420,B09L8DT7D6,205.0,
1428,B00GE55L22,,699.0
1436,B0162K34H2,849.0,
1444,B0B8SRZ5SV,949.0,
1452,B07CWNJLPC,499.0,
1460,B00NH12R1O,,485.0
1468,B0B8SSC5D9,,1999.0
1476,B08WKG2MWT,,1099.0
1484,B0B466C3G4,,18990.0
1492,B005LJQMZC,486.0,
1500,B07MDRGHWQ,5699.0,
1508,B07DC4RZPY,,1999.0
1516,B0B15GSPQW,,70900.0
1524,B08GJNM9N7,,1199.0
1532,B09C6FML9B,320.0,
1540,B0B65MJ45G,139.0,
1548,B08P9RYPLR,,249.0
1556,B0B6F8HHR6,,35999.0
1564,B084MZXJN6,,1699.0
1572,B08XMG618K,225.0,
1580,B0BCKWZ884,,2999.0
1588,B00GGGOYEK,259.0,
1596,B07ZR4S1G4,,699.0
1602,B09C635BMM,,999.0
1610,B00GG59HU2,467.0,
1618,B00RGLI0ZS,,599.0
1626,B09ZPJT8B2,,31990.0
1634,B07HZ2QCGR,,599.0
1642,B095244Q22,252.0,
1650,B08CKW1KH9,204.0,
1658,B0BLV1GNLN,,9990.0
1666,B08RHPDNVV,,599.0
1674,B00NH13Q8W,299.0,
1682,B0B8SSZ76F,799.0,
1690,B0841KQR1Z,,999.0
1698,B0B467CCB9,,16990.0
1706,B095JQVC7N,42999.0,
1714,B08PPHFXG3,,999.0
1722,B06XR9PR5X,,600.0
1730,B09JSW16QD,848.99,
1738,B07JH1CBGW,,1999.0
1746,B09127FZCK,299.0,
1754,B083GQGT3Z,399.0,
1762,B09Q8WQ5QJ,249.0,
1770,B07YZG8PPY,1249.0,
1778,B09H39KTTB,,499.0
1786,B08DCVRW98,,499.0
1794,B0718ZN31Q,598.0,
1802,B0162LYSFS,799.0,
1810,B07PFJ5VQD,159.0,
1818,B01J8S6X2I,,1100.0
1826,B09MJ77786,31999.0,
1834,B09NNGHG22,,56790.0
1842,B07V5YF4ND,299.0,
1850,B0B65P827P,,549.0
1858,B084MZYBTV,,849.0
1866,B097ZQTDVZ,,899.0
1874,B0B5F3YZY4,,1099.0
1882,B09G5TSGXV,,799.0
1890,B006LW0WDQ,399.0,
1898,B09YLX91QR,179.0,
1906,B081FJWN52,339.0,
1914,B0758F7KK7,399.0,
1922,B09L835C3V,199.0,
1930,B098TV3L96,,1999.0
1938,B08NCKT9FG,299.0,
1946,B0B4T6MR8N,,800.0
1954,B01GGKZ4NU,549.0,
1962,B09BW2GP18,129.0,
1970,B09WN3SRC7,,139900.0
1978,B09B125CFJ,,799.0
1986,B09RQRZW2X,,899.0
1994,B07924P3C5,,799.0
2002,B08N1WL9XW,182.0,
2010,B07VVXJ2P5,96.0,
2018,B0BC8BQ432,54990.0,
2022,B06XFTHCNY,439.0,
2030,B08CT62BM1,,999.0
2038,B07CRL2GY6,,799.0
2046,B07DWFX9YS,,1999.0
2054,B01D5H90L4,,700.0
2062,B07F1P8KNV,325.0,
2070,B084N1BM9L,,1999.0
2078,B09F6D21BY,790.0,
2086,B09LQQYNZQ,4699.0,
2090,B0BC9BW512,,24990.0
2098,B0B61HYR92,199.0,
2106,B075ZTJ9XR,,650.0
2114,B0978V2CP6,,3100.0
2122,B09LRZYBH1,,3999.0
2130,B0B997FBZT,35999.0,
2138,B098LCVYPW,,999.0
2146,B09HV71RL1,,1499.0
2154,B08PZ6HZLT,,18999.0
2162,B075TJHWVC,,2299.0
2170,B09LV13JFB,,999.0
2175,B092BL5DCX,,69900.0
2183,B09VH568H7,119.0,
2191,B09HQSV46W,21999.0,
2199,B08TZD7FQN,,599.0
2207,B0B21XL94T,21990.0,
2215,B09PTT8DZF,417.44,
2223,B0B94JPY2N,199.0,
2224,B0B3XXSB1K,,79990.0
2232,B08RZ12GKR,215.0,
2240,B0B4T8RSJ1,99.0,
2248,B0B7B9V9QP,18999.0,
2256,B08XXVXP3J,,999.0
2264,B06XGWRKYT,,15999.0
2272,B07CWDX49D,,1600.0
2280,B09TY4MSH3,1289.0,
2288,B07RY2X9MP,609.0,
2296,B0B2C5MJN6,32990.0,
2304,B0BBMGLQDW,,1999.0
2312,B01LONQBDG,349.0,
2320,B08XXF5V6G,,50999.0
2328,B09HK9JH4F,199.0,
2336,B09MMD1FDN,349.0,
2344,B09HN7LD5L,1850.0,
2352,B0BNDD9TN6,13990.0,
2356,B0941392C8,129.0,
2364,B01M5967SY,379.0,
2372,B016MDK4F4,,499.0
2379,B08G43CCLC,218.0,
2387,B0B61GCHC1,,999.0
2395,B07RX14W1Q,499.0,
2403,B09PLD9TCD,,42999.0
2411,B0B8ZKWGKD,893.0,
2419,B09NNJ9WYM,,19990.0
2427,B08H5L8V1L,379.0,
2435,B0B8CXTTG3,16999.0,
2443,B09HCH3JZG,699.0,
2451,B097JVLW3L,,3500.0
2459,B09SB6SJB4,,599.0
2467,B08NW8GHCJ,389.0,
2475,B09YHLPQYT,246.0,
2483,B08G1RW2Q3,299.0,
2491,B08YXJJW8H,247.0,
2499,B09P8M18QM,1369.0,
2507,B08BG4M4N7,,499.0
2515,B07VJ9ZTXS,,599.0
2523,B084872DQY,,14999.0
2531,B00GGGOYEU,299.0,
2539,B08FD2VSD9,24990.0,
2547,B0BQRJ3C47,,999.0
2548,B095JPKPH3,61999.0,
2556,B087JWLZ2K,,50000.0
2558,B09DSXK8JX,10499.0,
2566,B08V9C4B1J,349.0,
2574,B08PKBMJKS,197.0,
2582,B0B8VQ7KDS,1299.0,
2590,B086JTMRYL,1519.0,
2598,B09RWQ7YR6,46999.0,
2606,B00OFM6PEO,,799.0
2614,B0BF57RN3K,,19999.0
2622,B0B3RRWSF6,1998.0,
2630,B0B5B6PQCT,,7990.0
2638,B08HV83HL3,2049.0,
2646,B0BBN4DZBD,,8999.0
2654,B0B3CPQ5PF,,28999.0
2662,B0B3CQBRB4,,28999.0
2670,B0BBN56J5H,,8999.0
2678,B0BBN3WF7V,,8999.0
2686,B0BDRVFDKP,,1000.0
2694,B0B5LVS732,1999.0,
2702,B09V2Q4QVQ,1299.0,
2710,B09V12K8NT,1499.0,
2718,B01DEWVZ2C,,999.0
2726,B0BMGB3CH9,,11999.0
2734,B08D77XZX5,599.0,
2742,B09XB8GFBQ,8999.0,
2750,B07WG8PDCW,349.0,
2758,B07GPXXNNG,,999.0
2766,B0BDYVC5TD,,1800.0
2774,B0BMGB2TPR,9499.0,
2782,B08MC57J31,1499.0,
2790,B08HVL8QN3,,2199.0
2798,B0746JGVDS,,999.0
2806,B08VFF6JQ8,,1699.0
2814,B09NVPSCQT,1599.0,
2822,B09YV4RG4D,,7999.0
2830,B09TWHTBKQ,,25999.0
2832,B08L5HMJVW,369.0,
2840,B0B4F2XCK3,12999.0,
2848,B0BF54972T,,19999.0
2856,B09YV4MW2T,2199.0,
2864,B09TWH8YHM,16999.0,
2866,B07WGMMQGP,,20999.0
2874,B0BF563HB4,1799.0,
2890,B09GFPVD9Y,8499.0,
2898,B09GFLXVH9,,8499.0
2906,B0BF4YBLPX,,19999.0
2914,B09XB7DPW1,,11999.0
2922,B07PFJ5W31,139.0,
2930,B0B3N7LR6K,3999.0,
2935,B09ZQK9X8G,2998.0,
2951,B07WJV6P1R,15499.0,
2967,B0BF54LXW6,1799.0,
2975,B09XB7SRQ5,8999.0,
2983,B09FFK1PQG,,1699.0
2991,B09RMQYHLH,,15999.0
2999,B08ZN4B121,,1599.0
3007,B0B3RSDSZ3,,9999.0
3015,B08VB34KJ1,,20990.0
3023,B09T39K9YL,19999.0,
3031,B08VF8V79P,,1699.0
3039,B08G28Z33M,399.0,
3047,B09PNKXSKF,1999.0,
3055,B0B5DDJNH4,1999.0,
3079,B07WDKLDRX,,34999.0
3081,B09MQSCJQ1,2299.0,
3089,B094YFFSMY,,1999.0
3097,B09MT84WV5,,3999.0
3105,B08VS3YLRK,,1499.0
3113,B0B4F3QNDM,13999.0,
3121,B07GQD4K6L,,999.0
3129,B07WDKLRM4,,19999.0
3137,B0BP18W8TM,,9999.0
3153,B07GXHC691,99.0,
3161,B08FN6WGDQ,,15990.0
3169,B0B3D39RKV,,33999.0
3177,B085HY1DGR,99.0,
3185,B08D75R3Z1,,1900.0
3193,B0B4F2TTTS,,14999.0
3201,B09WRMNJ9G,,38999.0
3208,B0B14MR9L1,16999.0,
3210,B09ZPL5VYM,199.0,
3218,B0993BB11X,,1599.0
3226,B09V2PZDX8,,1599.0
3234,B085W8CFLH,599.0,
3242,B09MT6XSFW,,1899.0
3250,B07RD611Z8,1799.0,
3266,B0B4F52B5X,,14999.0
3274,B096VF5YYF,2999.0,
3282,B0B5D39BCD,1999.0,
3306,B09XBJ1CTN,649.0,
3314,B0B4F5L738,13999.0,
3322,B08MTCKDYN,,299.0
3330,B09QS8V5N8,,17999.0
3345,B09T2WRLJJ,,26999.0
3353,B089WB69Y1,,649.0
3361,B0116MIKKC,99.0,
3369,B09P858DK8,,1999.0
3377,B07DJLFMPS,369.0,
3385,B07WHQWXL7,,20999.0
3393,B07WDK3ZS6,,18999.0
3401,B09T2S8X9C,22999.0,
3409,B07S9S86BF,,1490.0
3417,B07N8RQ6W7,,699.0
3425,B09FKDH6FS,7499.0,
3433,B08HVJCW95,1149.0,
3441,B09YDFDVNS,,1699.0
3449,B07WGPKTS4,13999.0,
3465,B09MZCQYHZ,999.0,
3473,B0B4F2ZWL3,12999.0,
3481,B08VB2CMR3,,20990.0
3489,B095RTJH1M,999.0,
3497,B097R25DP7,,4999.0
3505,B09YDFKJF8,,1699.0
3513,B07WDK3ZS2,,29990.0
3521,B08RZ5K9YH,,1999.0
3529,B08444S68L,,15990.0
3537,B07WHQBZLS,,21990.0
3553,B09JS562TP,,1630.0
3569,B09V17S2BG,,6990.0
3577,B0B5CGTBKV,1999.0,
3585,B0B23LW7NV,,2899.0
3593,B09KGV7WSV,2099.0,
3601,B0971DWFDT,337.0,
3609,B0BNV7JM5Y,,7990.0
3617,B0B53QFZPY,1299.0,
3633,B07WJWRNVK,16499.0,
3641,B01F25X6RQ,,499.0
3657,B0B244R4KB,,2899.0
3665,B0BMGG6NKT,10499.0,
3681,B092JHPL72,,999.0
3697,B09GFM8CGS,,7999.0
3705,B0B3MWYCHQ,,9999.0
3713,B09J2MM5C6,279.0,
3721,B07Q4QV1DL,269.0,
3729,B0B56YRBNT,8999.0,
3745,B01DF26V7A,599.0,
3753,B08K4PSZ3V,,999.0
3761,B0B4F1YC3J,13999.0,
3769,B08K4RDQ71,349.0,
3777,B085CZ3SR1,,599.0
3785,B09YV3K34W,,9999.0
3793,B09Z6WH2N1,95.0,
3801,B09NL4DJ2Z,139.0,
3809,B0BGSV43WY,,7999.0
3817,B0926V9CTV,,599.0
3825,B07WGPKMP5,15499.0,
3833,B0BBFJ9M3X,,15999.0
3841,B09PLFJ7ZW,,4999.0
3849,B0B53NXFFR,,5999.0
3857,B07GNC2592,,999.0
3865,B09TP5KBN7,,1099.0
3873,B0949SBKMP,1799.0,
3881,B09V175NP7,1499.0,
3889,B07WHSJXLF,20999.0,
3897,B0BD3T6Z1D,,13499.0
3905,B09LHYZ3GJ,16999.0,
3913,B07WFPMGQQ,,27990.0
3921,B09QS9X9L8,,18999.0
3928,B0B6BLTGTT,2999.0,
3952,B084DTMYWK,,999.0
3960,B0B53QLB9H,1299.0,
3968,B0BDYW3RN3,1989.0,
3976,B0B3RS9DNF,1999.0,
3984,B09QS9X16F,,18999.0
3991,B08HV25BBQ,,4999.0
3999,B09LJ116B5,,20999.0
4007,B0BMVWKZ8G,,8499.0
4015,B0BD92GDQH,4999.0,
4031,B0B5GF6DQD,2499.0,
4039,B09JS94MBV,,1630.0
4047,B09YV463SW,,9999.0
4063,B09NL4DCXK,249.0,
4071,B0B8CHJLWJ,299.0,
4079,B0B8ZWNR5T,,499.0
4087,B0BBFJLP21,,15999.0
4095,B01F262EUU,949.0,
4103,B09VZBGL1N,99.0,
4111,B0BNVBJW2S,2499.0,
4119,B0B2DJ5RVQ,,1999.0
4127,B096TWZRJC,499.0,
4135,B09GP6FBZT,299.0,
4143,B0B3DV7S9B,209.0,
4151,B09MKP344P,8499.0,
4159,B08JW1GVS7,2179.0,
4167,B09LHZSMRR,16999.0,
4175,B0B5V47VK4,,49999.0
4179,B08H21B6V7,,2999.0
4187,B09BNXQ6BR,,6499.0
4195,B01FSYQ2A4,,2990.0
4203,B08L5FM4JC,,2400.0
4211,B0B54Y2SNX,799.0,
4219,B08BQ947H3,,149.0
4231,B0B7DHSKS7,3799.0,
4239,B09SJ1FTYV,199.0,
4247,B09XJ5LD6L,23999.0,
4255,B07WHS7MZ1,29990.0,
4263,B0BBVKRP7B,,1999.0
4271,B09NY7W8YD,,11999.0
4279,B0BMM7R92G,,999.0
4287,B08M66K48D,,599.0
4295,B09RFB2SJQ,499.0,
4303,B0B82YGCF6,,3499.0
4311,B08HF4W2CT,,3499.0
4319,B08BCKN299,120.0,
4327,B0B2X35B1K,,6999.0
4335,B09QS9CWLV,,18999.0
4342,B0B1NX6JTN,,2599.0
4350,B078G6ZF5Z,,1199.0
4358,B0BBW521YC,,999.0
4366,B09HSKYMB3,7915.0,
4374,B09YV42QHZ,1499.0,
4382,B09BF8JBWX,,1249.0
4390,B0B5YBGCKD,,599.0
4406,B09MY4W73Q,474.0,
4422,B09T37CKQ5,239.0,
4430,B09GFPN6TP,7499.0,
4438,B0B298D54H,265.0,
4446,B08VB57558,,74999.0
4464,B0B9BXKBC7,1799.0,
4472,B09NY6TRXG,8499.0,
4480,B09NVPJ3P4,1999.0,
4488,B0B3NDPCS9,,17999.0
4493,B09VGKFM7Y,,499.0
4496,B07QCWY5XV,,1399.0
4504,B098QXR9X2,,2999.0
4512,B07H1S7XW8,,499.0
4520,B0BNXFDTZ2,,11999.0
4528,B088ZFJY82,,1499.0
4536,B0B4F4QZ1H,,19499.0
4544,B09BCNQ9R2,,499.0
4552,B0B9BD2YL4,2599.0,
4560,B071Z8M4KX,,999.0
4568,B09N3ZNHTY,1499.0,
4587,B005FYNT3G,289.0,
4595,B01J0XWYKQ,599.0,
4603,B09CTRPSJR,,237.0
4611,B08JQN8DGZ,,2990.0
4619,B0B72BSW7K,,699.0
4643,B08TV2P1N8,,3990.0
4651,B07XCM6T4N,349.0,
4659,B07T5DKR5D,149.0,
4675,B07PR1CL3S,,3990.0
4691,B07JQKQ91F,,999.0
4699,B08W56G1K9,99.0,
4715,B01L8ZNWN2,,1500.0
4723,B009VCGPSY,269.0,
4731,B0B296NTFV,299.0,
4755,B07TCN5VR9,,999.0
4763,B00ZYLMQH0,,1799.0
4779,B01HJI0FS2,,650.0
4787,B076B8G5D8,,1995.0
4803,B014SZO90Y,266.0,
4811,B07KCMR8D6,,50.0
4819,B00N1U9AJS,,165.0
4827,B07KY3FNQP,449.0,
4840,B07QZ3CZ48,,1290.0
4848,B09T3H12GV,1399.0,
4880,B08ZJDWTJ1,,4999.0
4888,B08FTFXNNB,,1999.0
4896,B08YDFX7Y1,,449.0
4912,B087FXHB6J,,999.0
4920,B07N42JB4S,,3990.0
4928,B0B31BYXQQ,,5499.0
4944,B07SLMR1K6,,1350.0
4968,B092X94QNQ,1499.0,
4973,B0846D5CBP,,
4981,B00KXULGJQ,1889.0,
4989,B08H9Z3XQW,455.0,
4997,B08LPJZSSW,,995.0
5021,B08CYPB15D,,761.0
5037,B00MFPCY5C,39.0,
5045,B07JJFSG2B,,2500.0
5053,B09NR6G588,1199.0,
5061,B07JPX9CR7,569.0,
5069,B08D11DZ2W,1499.0,
5077,B07Q7561HD,,180.0
5085,B0819HZPXL,399.0,
5093,B00LXTFMRS,191.0,
5101,B0B9LDCX89,129.0,
5109,B0765B3TH7,199.0,
5117,B0B1F6GQPS,,4499.0
5125,B07LG59NPV,899.0,
5149,B00AXHBBXU,522.0,
5157,B08MCD9JFY,,1999.0
5165,B083RCTXLL,,1199.0
5173,B08HLZ28QC,1199.0,
5181,B07GVR9TG7,,4999.0
5189,B0856HY85J,,4999.0
5197,B07CD2BN46,,599.0
5205,B07PLHTTB4,,499.0
5213,B077T3BG5L,,399.0
5229,B079Y6JZC8,139.0,
5237,B0856HNMR7,1199.0,
5245,B0B12K5BPM,1049.0,
5269,B00LVMTA2A,225.0,
5277,B07TR5HSR9,656.0,
5285,B0819ZZK5K,1109.0,
5301,B08QJJCY2Q,,299.0
5309,B07L5L4GTB,309.0,
5317,B07L8KNP5F,599.0,
5325,B08CF4SCNP,,599.0
5333,B09XX51X2G,449.0,
5341,B01M72LILF,799.0,
5357,B00LZLQ624,157.0,
5373,B09GB5B4BK,599.0,
5381,B015ZXUDD0,479.0,
5397,B09PL79D2X,1598.0,
5405,B098K3H92Z,599.0,
5421,B084PJSSQ1,1299.0,
5437,B097C564GC,294.0,
5445,B08CYNJ5KY,,861.0
5453,B00Y4ORQ46,745.0,
5461,B074CWD7MS,1549.0,
5485,B00A0VCJPI,,2499.0
5493,B00UGZWM2I,198.0,
5501,B00R1P3B4O,,549.0
5517,B09DG9VNWB,12000.0,
5525,B09Y5MP7C4,1299.0,
5533,B01DJJVFPC,269.0,
5541,B07DFYJRQV,,
5549,B08L879JSN,6299.0,
5557,B08TDJNM3G,59.0,
5565,B06XSK3XL6,571.0,
5573,B07YNTJ8ZM,549.0,
5597,B07KR5P3YD,448.0,
5605,B08FB2LNSZ,,2999.0
5613,B01IBRHE3E,,499.0
5621,B01N6LU1VF,,1400.0
5629,B07XLML2YS,,3299.0
5637,B086WMSCN3,,5999.0
5645,B003B00484,,499.0
5669,B003L62T7W,,375.0
5677,B09P18XVW6,,4999.0
5685,B00LZLPYHW,,160.0
5701,B00NNQMYNE,,499.0
5709,B0B217Z5VK,1799.0,
5717,B07B88KQZ8,1999.0,
5733,B07Z3K96FR,399.0,
5741,B0756CLQWL,1699.0,
5749,B004IO5BMQ,699.0,
5765,B01HGCLUH6,1149.0,
5773,B01N4EV2TL,,1995.0
5781,B08MZQBFLN,,4999.0
5789,B0752LL57V,440.0,
5805,B09Z28BQZT,599.0,
5813,B094DQWV9B,149.0,
5821,B0BBMPH39N,,999.0
5829,B097JQ1J5G,179.0,
5837,B07YY1BY5B,1499.0,
5845,B08VRMK55F,399.0,
5853,B08CHZ3ZQ7,599.0,
5861,B08SCCG9D4,,2000.0
5869,B0972BQ2RS,,9999.0
5877,B00ZRBWPA0,159.0,
5885,B0B2DD66GS,,2900.0
5893,B09M869Z5V,570.0,
5901,B07W6VWZ8C,899.0,
5909,B07Z1X6VFC,449.0,
5917,B07YL54NVJ,549.0,
5925,B0759QMF85,1529.0,
5933,B00LM4X0KU,100.0,
5941,B08PFSZ7FH,,1499.0
5949,B012MQS060,1295.0,
5957,B01MF8MB65,699.0,
5965,B00LHZWD0C,252.0,
5973,B08QDPB1SL,190.0,
5981,B07BRKK9JQ,1299.0,
5989,B01EZ0X3L8,729.0,
5997,B00LM4W1N2,,600.0
6013,B08YD264ZS,,2499.0
6029,B00GZLB57U,238.0,
6037,B07V82W5CN,1349.0,
6053,B08HD7JQHX,199.0,
6061,B0B31FR4Y2,1999.0,
6069,B09Y14JLP3,99.0,
6077,B09ZHCJDP1,,1000.0
6085,B08C4Z69LN,,3500.0
6093,B016XVRKZM,,4100.0
6101,B00LHZW3XY,,180.0
6109,B098JYT4SY,,1190.0
6117,B08CFCK6CW,,7999.0
6125,B09P564ZTJ,235.0,
6133,B07MSLTW8Z,549.0,
6141,B09N6TTHT6,89.0,
6157,B098R25TGC,,2999.0
6165,B0B2PQL5N3,,999.0
6173,B07DKZCZ89,119.0,
6181,B08GYG6T12,449.0,
6189,B09BN2NPBD,,3495.0
6197,B00J4YG0PC,,720.0
6205,B073BRXPZX,289.0,
6213,B08LHTJTBB,599.0,
6221,B07VTFN6HM,5599.0,
6229,B008QS9J6Y,,2595.0
6237,B09M8888DM,499.0,
6245,B07Z1YVP72,449.0,
6253,B082FTPRSK,999.0,
6261,B09RF2QXGX,69.0,
6269,B01KK0HU3Y,899.0,
6277,B07JF9B592,478.0,
6285,B086394NY5,1399.0,
6301,B017PDR9N0,149.0,
6309,B07NC12T2R,1799.0,
6317,B07WKBD37W,,999.0
6325,B08JMC1988,,2490.0
6333,B09GFN8WZL,378.0,
6341,B095X38CJS,99.0,
6349,B07ZKD8T1Q,1499.0,
6357,B07G3YNLJB,,3100.0
6365,B00P93X2H6,,75.0
6373,B0798PJPCL,,
6381,B09GFWJDY1,499.0,
6389,B09MZ6WZ6V,499.0,
6397,B094QZLJQ6,5799.0,
6405,B07L3NDN24,,799.0
6413,B08WD18LJZ,,600.0
6429,B06XDKWLJH,,5734.0
6437,B01J1CFO5I,,550.0
6445,B07J2NGB69,629.0,
6453,B00MUTWLW4,,3295.0
6469,B017NC2IPM,1799.0,
6477,B00N1U7JXM,,175.0
6485,B08HQL67D6,,599.0
6493,B09RKFBCV7,,7999.0
6501,B08KHM9VBJ,,3250.0
6509,B01IOZUHRS,,499.0
6517,B00CEQEGPI,1345.0,
6525,B08B6XWQ1C,,995.0
6533,B01DGVKBC6,,499.0
6549,B08JD36C6H,,450.0
6557,B00E3DVQFS,,1109.0
6573,B00BN5SNF0,,250.0
6581,B09SGGRKV8,,499.0
6605,B084BR3QX8,,999.0
6613,B09VC2D2WG,469.0,
6621,B09163Q5CD,1187.0,
6629,B08K9PX15C,849.0,
6637,B083RD1J99,328.0,
6645,B09Z7YGV3R,,699.0
6653,B00N3XLDW0,299.0,
6661,B07Z53L5QL,,1499.0
6669,B00P93X0VO,,120.0
6677,B07SBGFDX9,,120.0
6701,B07X2L5Z8C,1490.0,
6709,B00VA7YYUO,99.0,
6717,B07L9FW9GF,,249.0
6725,B08D64C9FN,575.0,
6741,B00LOD70SC,,210.0
6749,B09X76VL5L,,3490.0
6757,B091JF2TFD,499.0,
6765,B07S7DCJKS,199.0,
6773,B09NC2TY11,2499.0,
6781,B0BDS8MY8J,,999.0
6789,B09X7DY7Q4,939.0,
6797,B09YV575RK,2499.0,
6805,B08LW31NQ6,,2890.0
6813,B09ND94ZRG,,5999.0
6821,B00P93X6EK,,160.0
6837,B0994GP1CX,,999.0
6845,B07H8W9PB6,175.0,
6853,B09NNHFSSF,1999.0,
6861,B08D9NDZ1Y,3999.0,
6869,B0085IATT6,,1800.0
6877,B08WJ86PV2,299.0,
6885,B078HRR1XV,,4699.0
6893,B09P22HXH6,,5490.0
6901,B00LM4X3XE,90.0,
6909,B09YLFHFDW,1599.0,
6917,B07YWS9SP9,,999.0
6933,B08WLY8V9S,,899.0
6941,B0873L7J6X,,3999.0
6949,B07YNHCW6N,,2499.0
6965,B01MQ2A86A,,1645.0
6973,B00KIE28X0,,310.0
6985,B0BHYJ8CVF,1149.0,
6993,B0BCVJ3PVP,499.0,
7001,B0B2931FCV,,4199.0
7009,B09TMZ1MF8,,4000.0
7017,B07VV37FT4,250.0,
7033,B07JB2Y4SR,90.0,
7041,B08KRMK9LZ,,5999.0
7049,B08LT9BMPP,1495.0,
7065,B0814ZY6FP,,1199.0
7073,B09F3PDDRF,,999.0
7081,B07X963JNS,,2499.0
7089,B09LD3116F,,3990.0
7097,B08Y5QJTVK,,200.0
7105,B00LY1FN1K,,230.0
7113,B07DJ5KYDZ,,2796.0
7121,B009LJ2BXA,,999.0
7129,B09BVCVTBC,2649.0,
7145,B07SY4C3TD,596.0,
7153,B094JB13XL,2499.0,
7161,B08CRRQK6Z,,12499.0
7169,B08MTLLSL8,399.0,
7177,B08Y57TPDM,116.0,
7185,B09CYTJV3N,4499.0,
7193,B07GLNJC25,,499.0
7201,B08FY4FG5X,649.0,
7209,B07TMCXRFV,1234.0,
7225,B00LZPQVMK,272.0,
7233,B08X77LM8C,99.0,
7241,B01EJ5MM5M,,3875.0
7249,B08J82K4GX,10099.0,
7257,B07Z1Z77ZZ,449.0,
7265,B00DJ5N9VK,,150.0
7281,B08FGNPQ9X,,2999.0
7289,B07NTKGW45,397.0,
7305,B08J4PL1Z3,699.0,
7313,B07XJWTYM2,1679.0,
7319,B09939XJX8,354.0,
7327,B09MDCZJXS,1199.0,
7335,B08CTQP51L,379.0,
7343,B0BG62HMDJ,499.0,
7351,B08GTYFC37,10389.0,
7359,B08SBH499M,,1300.0
7367,B08FYB5HHK,,1999.0
7383,B0B5GJRTHB,,1999.0
7391,B09GBBJV72,,2199.0
7399,B07P434WJY,549.0,
7407,B07T9FV9YP,,1799.0
7423,B08WKFSN84,379.0,
7431,B09TBCVJS3,5998.0,
7436,B08TR61BVK,,1499.0
7444,B0B2CPVXHX,,1499.0
7452,B08XNL93PL,1399.0,
7460,B088GXTJM3,,1299.0
7468,B099S26HWG,,300.0
7476,B08461VC1Z,999.0,
7484,B00K32PEW4,,535.0
7500,B07LFWP97N,,1099.0
7508,B0746N6WML,,450.0
7516,B07W9KYT62,2499.0,
7532,B08D9MNH4B,5899.0,
7548,B09MKG4ZCM,1565.0,
7556,B07RZZ1QSW,326.0,
7572,B07222HQKP,657.0,
7580,B00NFD0ETQ,1995.0,
7588,B075DB1F13,,1500.0
7596,B0148NPH9I,,3195.0
7604,B01JOFKL0A,,6355.0
7620,B079S811J3,,2999.0
7628,B0083T231O,1289.0,
7636,B086PXQ2R4,,165.0
7644,B07L1N3TJX,,3499.0
7652,B07YFWVRCM,,7500.0
7668,B08TDJ5BVF,39.0,
7676,B09XXZXQC1,26999.0,
7680,B083T5G5PM,,1990.0
7682,B0BHVPTM2C,,1949.0
7698,B01NBX5RSB,770.0,
7706,B08MWJTST6,,1299.0
7714,B07R99NBVB,,599.0
7730,B00LY12TH6,230.0,
7746,B08497Z1MQ,599.0,
7754,B07KNM95JK,,1150.0
7762,B09Q3M3WLJ,,1499.0
7770,B09B9SPC7F,499.0,
7786,B099SD8PRP,,1090.0
7802,B00S2SEV7K,,100.0
7810,B08WKCTFF3,,1999.0
7818,B08498D67S,,1800.0
7826,B00C3GBCIS,,499.0
7834,B00URH5E34,39.0,
7842,B00EYW1U68,,3599.0
7850,B08SMJT55F,,3990.0
7866,B08Y7MXFMK,,1499.0
7874,B086Q3QMFS,120.0,
7882,B08498H13H,1519.0,
7890,B07LFQLKFZ,420.0,
7898,B00LY17RHI,225.0,
7906,B07W14CHV8,,799.0
7922,B09F5Z694W,8349.0,
7930,B0B25LQQPC,,6100.0
7946,B01LYLJ99X,,1300.0
7954,B014SZPBM4,380.0,
7962,B08CZHGHKH,499.0,
7970,B0B2RBP83P,37247.0,
7978,B078W65FJ7,,2490.0
7986,B08S74GTBT,799.0,
8018,B07QMRHWJD,,999.0
8026,B07W7Z6DVL,,2999.0
8034,B07WMS7TWB,649.0,
8042,B00H47GVGY,,1695.0
8050,B07VX71FZP,,2000.0
8058,B07NCKMXVZ,455.0,
8066,B0B61DSF17,,1999.0
8074,B07VQGVL68,,499.0
8082,B01LWYDEQ7,,495.0
8090,B07VNFP3C2,,1245.0
8098,B00LUGTJGO,1399.0,
8106,B01MQZ7J8K,,1445.0
8114,B01GFTEV5Y,1699.0,
8122,B00NW4UWN6,,1345.0
8130,B01NCVJMKX,499.0,
8138,B00O24PUO6,1464.0,
8146,B07GXPDLYQ,,499.0
8154,B01C8P29N0,625.0,
8162,B08KDBLMQP,1290.0,
8170,B078JDNZJ8,3600.0,
8178,B01M5F614J,,13999.0
8186,B083GKDRKR,1625.0,
8194,B097R2V1W8,,5890.0
8202,B07YR26BJ3,1199.0,
8210,B097R45BH8,5499.0,
8218,B09X5C9VLK,,3500.0
8226,B01C8P29T4,599.0,
8234,B00HVXS7WC,,3210.0
8242,B096YCN3SD,,1000.0
8250,B09LQH3SD9,,2000.0
8258,B09KNMLH4Y,,1999.0
8266,B00ABMASXG,,720.0
8274,B07QDSN9V6,,1595.0
8282,B00YMJ0OI8,2148.0,
8290,B0B8XNPQPN,3599.0,
8298,B0814P4L98,351.0,
8306,B008QTK47Q,1614.0,
8314,B088ZTJT2R,,1295.0
8322,B0BK1K598K,678.0,
8330,B09Y5FZK9N,809.0,
8338,B09J2SCVQT,1969.0,
8346,B00TDD0YM4,,1695.0
8354,B078KRFWQB,2499.0,
8362,B07SRM58TP,,2099.0
8370,B00EDJJ7FS,3229.0,
8378,B0832W3B7Q,,3595.0
8386,B07WNK1FFN,1260.0,
8394,B009P2LK08,,1129.0
8402,B07DGD4Z4C,3499.0,
8410,B07GMFY9QM,,999.0
8418,B0BGPN4GGH,,2400.0
8421,B0B2DZ5S6R,749.0,
8429,B07S851WX5,,1299.0
8437,B01MY839VW,549.0,
8445,B09LV1CMGH,,2000.0
8453,B01EY310UM,,1545.0
8461,B09NL7LBWT,1099.0,
8469,B008YW8M0G,,875.0
8477,B097R3XH9R,,15270.0
8485,B08TM71L54,3190.0,
8493,B0BPBXNQQT,799.0,
8501,B00W56GLOQ,,5000.0
8509,B0883KDSXC,599.0,
8517,B078V8R9BS,749.0,
8525,B08GSQXLJ2,6199.0,
8533,B01M5B0TPW,1819.0,
8541,B082KVTRW8,,1900.0
8549,B08CFJBZRK,3249.0,
8557,B07H3WDC4X,,999.0
8565,B09ZTZ9N3Q,1049.0,
8573,B083P71WKK,799.0,
8581,B097R4D42G,4999.0,
8589,B07MKMFKPG,,10590.0
8597,B0949FPSFY,,1999.0
8605,B08F47T4X5,,89.0
8613,B01M0505SJ,1400.0,
8621,B08D6RCM3Q,,899.0
8629,B009P2LITG,,3279.0
8637,B00V9NHDI4,,3799.0
8645,B07WGPBXY9,,1249.0
8653,B00KRCBA6E,2499.0,
8661,B0B3X2BY3M,,7299.0
8669,B00F159RIK,,625.0
8677,B08MV82R99,653.0,
8685,B09VKWGZD7,4789.0,
8693,B009P2LK80,1409.0,
8701,B00A7PLVU6,753.0,
8709,B0B25DJ352,353.0,
8717,B013B2WGT6,1099.0,
8725,B097RJ867P,,
8733,B091V8HK8Z,,1750.0
8741,B071VNHMX2,2095.0,
8749,B08MVSGXMY,,2300.0
8757,B00H0B29DI,2199.0,
8765,B01GZSQJPA,,4295.0
8773,B08VGFX2B6,,199.0
8781,B09GYBZPHF,,2499.0
8789,B0B4KPCBSH,,499.0
8797,B09CGLY5CX,,2400.0
8805,B09JN37WBX,319.0,
8813,B01I1LDZGA,,1775.0
8821,B0BN2576GQ,469.0,
8823,B06XPYRWV5,,1795.0
8831,B01N1XVVLC,9590.0,
8839,B00O2R38C4,999.0,
8847,B0B2CZTCL2,1299.0,
8855,B00PVT30YI,292.0,
8863,B00SH18114,160.0,
8871,B00E9G8KOY,,600.0
8879,B00H3H03Q4,,1130.0
8887,B0756K5DYZ,3249.0,
8895,B0188KPKB2,3599.0,
8903,B091KNVNS9,,699.0
8911,B075JJ5NQC,3199.0,
8919,B0B5KZ3C53,,2900.0
8927,B09NTHQRW3,,2499.0
8935,B008YW3CYM,616.0,
8943,B07QHHCB27,,2100.0
8951,B0BMFD94VD,199.0,
8957,B00HZIOGXW,610.0,
8965,B09CKSYBLR,999.0,
8973,B072J83V9W,8999.0,
8981,B09MTLG4TP,453.0,
8989,B097XJQZ8H,2464.0,
8997,B00935MD1C,2719.0,
9005,B0BR4F878Q,1439.0,
9008,B0B3G5XZN5,,3499.0
9016,B07WKB69RS,2088.0,
9024,B09DL9978Y,2399.0,
9032,B06XMZV7RH,,499.0
9040,B09WMTJPG7,2599.0,
9048,B09ZK6THRR,,1000.0
9056,B07MP21WJD,245.0,
9064,B09XB1R2F3,179.0,
9072,B08Y5QJXSR,3569.0,
9080,B07WJXCTG9,699.0,
9088,B09NBZ36F7,,4000.0
9096,B0912WJ87V,2339.0,
9104,B0BMTZ4T1D,784.0,
9109,B07Z51CGGH,5499.0,
9117,B0BDG6QDYD,899.0,
9125,B00YQLG7GK,1695.0,
9133,B00SMJPA9C,,940.0
9141,B0B9RN5X8B,,4700.0
9149,B08QW937WV,,2999.0
9157,B0B4PPD89B,79.0,
9165,B08GM5S4CQ,,14290.0
9173,B00NM6MO26,,3945.0
9181,B083M7WPZD,,5999.0
9189,B07GLSKXS1,,1950.0
9197,B09F6KL23R,,2799.0
9205,B094G9L9LT,999.0,
9213,B09FZ89DK6,5999.0,
9221,B0811VCGL5,,12999.0
9229,B07FXLC2G2,698.0,
9237,B01LYU3BZF,,3190.0
9245,B083RC4WFJ,,799.0
9253,B09SFRNKSR,,499.0
9261,B07NRTCDS5,,1499.0
9269,B07SPVMSC6,1399.0,
9277,B09H3BXWTK,,2799.0
9285,B0073QGKAS,,1499.0
9293,B08GJ57MKL,14400.0,
9301,B009DA69W6,1699.0,
9309,B099PR2GQJ,649.0,
9317,B08G8H8DPL,,6375.0
9325,B08VGM3YMF,,499.0
9333,B08TTRVWKY,,1899.0
9341,B07T4D9FNY,,1490.0
9349,B07RX42D3D,260.0,
9357,B08WRKSF9D,6499.0,
9365,B09R83SFYV,1484.0,
9373,B07989VV5K,999.0,
9381,B07FL3WRX5,,6500.0
9389,B0BPCJM7TB,259.0,
9397,B08H673XKN,,7795.0
9405,B07DXRGWDJ,,5995.0
9413,B08243SKCK,189.0,
9421,B09SPTNG58,1449.0,
9429,B083J64CBB,199.0,
9437,B08JV91JTK,,1299.0
9445,B0BQ3K23Y1,,499.0
9453,B09MT94QLL,,4775.0
9461,B07NKNBTT3,799.0,
9469,B09KPXTZXN,,1999.0
9477,B078HG2ZPS,,5156.0
9485,B07N2MGB3G,,1999.0
9493,B008LN8KDM,1849.0,
9501,B08MZNT7GP,12499.0,
9509,B009P2L7CO,,1920.0
9517,B07YC8JHMB,8199.0,
9525,B0BNQMF152,,2199.0
9533,B08J7VCT12,,14999.0
9541,B0989W6J2F,1595.0,
9549,B0B84KSH3X,,1950.0
9557,B08HLC7Z3G,,2995.0
9565,B0BN6M3TCM,499.0,
9573,B01L6MT7E0,8799.0,
9581,B0B9F9PT8R,,2999.0
9589,B0883LQJ6B,,1690.0
9597,B099Z83VRC,,1790.0
9605,B00S9BSJC8,6499.0,
9613,B0B4SJKRDF,239.0,
9619,B0BM4KTNL1,699.0,
9625,B08S6RKT4L,,4290.0
9633,B09SZ5TWHW,1547.0,
9641,B0BLC2BYPX,,1299.0
9649,B00P0R95EA,,640.0
9657,B07W4HTS8Q,,3790.0
9665,B078JBK4GX,,4560.0
9673,B08S7V8YTN,1199.0,
9681,B07H5PBN54,999.0,
9689,B07YCBSCYB,,3300.0
9697,B098T9CJVQ,210.0,
9705,B01KCSGBU2,,23559.0
9713,B095XCRDQW,,1599.0
9721,B09CTWFV5W,,9995.0
9729,B0B7NWGXS6,2439.0,
9732,B07DZ986Q2,,8995.0
9740,B07KKJPTWB,1599.0,
9748,B071R3LHFM,,5500.0
9756,B086X18Q71,9799.0,
9764,B07WVQG8WZ,3299.0,
9772,B0BFBNXS94,669.0,
9777,B071113J7M,,7506.0
9785,B09YLWT89W,,18000.0
9793,B0814LP6S9,,1099.0
9801,B07BKSSDR2,899.0,
9805,B09VGS66FV,,1850.0
9813,B07RCGTZ4M,6236.0,
9821,B0747VDH9L,,3995.0
9829,B08XLR6DSB,721.0,
9837,B08H6CZSHT,,3295.0
9845,B07CVR2L5K,,2695.0
9853,B09J4YQYX3,,2290.0
9861,B0B2DD8BQ8,,3099.0
9869,B0123P3PWE,999.0,
9877,B08HDCWDXD,,6999.0
9885,B0836JGZ74,,2499.0
9893,B0BCKJJN8R,3599.0,
9901,B008P7IF02,,5795.0
9909,B08CNLYKW5,,3398.0
9917,B08C7TYHPB,664.0,
9925,B08VJFYH6N,,1620.0
9933,B08235JZFB,850.0,
9941,B078XFKBZL,,640.0
9949,B01M265AAK,,4495.0
9957,B0B694PXQJ,,2999.0
9965,B00B3VFJY2,980.0,
9973,B08W9BK4MD,351.0,
9981,B09X5HD5T1,229.0,
9989,B08H6B3G96,3349.0,
9997,B09N3BFP4M,5499.0,
10005,B09DSQXCM8,299.0,
10013,B01M69WCZ6,2249.0,
10021,B0BM9H2NY9,,1599.0
10029,B099FDW2ZF,1235.0,
10037,B0B935YNR7,,2999.0
10045,B07JGCGNDG,,11500.0
10053,B08L12N5H1,,2499.0
10061,B07GWTWFS2,,1975.0
10069,B09KRHXTLN,1069.0,
10077,B09H34V36W,1349.0,
10085,B09J2QCKKM,1499.0,
10093,B09XRBJ94N,,4600.0
10101,B07SLNG3LW,3859.0,
10109,B0BNDGL26T,499.0,
10117,B095PWLLY6,,2380.0
10125,B07Y9PY6Y1,6525.0,
10133,B0BJ966M5K,,24999.0
10141,B086GVRP63,,2400.0
10149,B08MVXPTDG,2590.0,
10157,B0BMZ6SY89,899.0,
10165,B09P1MFKG1,,2999.0
10172,B01LY9W8AF,,1282.0
10180,B07ZJND9B9,,1990.0
10188,B0B2CWRDB1,5999.0,
10196,B072NCN9M4,8886.0,
10204,B08SKZ2RMG,475.0,
10212,B0B53DS4TF,4995.0,
10220,B08BJN4MP3,,24850.0
10228,B0BCYQY9X5,,16490.0
10236,B009UORDX4,949.0,
10244,B08VGDBF3B,395.0,
10252,B012ELCYUG,,635.0
10260,B07S9M8YTY,717.0,
10268,B0B19VJXQZ,27900.0,
10270,B00SMFPJG0,649.0,
10278,B0BHYLCL19,,399.0
10286,B0BPJBTB3F,1299.0,
10288,B08MXJYB2V,2449.0,
10296,B081B1JL35,1049.0,
10304,B09VL9KFDB,,4200.0
10312,B0B1MDZV9C,,4495.0
10320,B08TT63N58,499.0,
10328,B08YK7BBD2,,999.0
10336,B07YQ5SN4H,,595.0
10344,B0B7FJNSZR,,19990.0
10352,B01N6IJG0F,,1010.0
10360,B0B84QN4CN,660.0,
10368,B0B8ZM9RVV,419.0,
10376,B01892MIPA,,10900.0
10384,B08ZHYNTM1,2899.0,
10392,B09SDDQQKP,1799.0,
10400,B0B5RP43VN,,4650.0
10408,B096NTB9XT,15999.0,
10416,B078JF6X9B,,6070.0
10424,B08CGW4GYR,,999.0
10432,B00A328ENA,,3945.0
10440,B0763K5HLQ,,1499.0
10448,B09PDZNSBG,2575.0,
10456,B085LPT5F4,,2800.0
10464,B0B9RZ4G4W,,1699.0
10472,B0085W2MUQ,765.0,
10480,B09474JWN6,999.0,
10488,B09G2VTHQM,,1295.0
10496,B07R679HTT,12609.0,
10504,B00B7GKXMG,,850.0
10512,B07H3N8RJH,,6000.0
10520,B07K2HVKLL,640.0,
10528,B09MQ9PDHR,979.0,
10536,B014HDJ7ZE,5365.0,
10544,B07D2NMTTV,3199.0,
10552,B075K76YW1,979.0,
10560,B0BNLFQDG2,929.0,
10563,B082ZQ4479,,4330.0
10571,B09Y358DZQ,2033.0,
10579,B09M3F4HGB,,18990.0
10587,B07VZH6ZBB,,12500.0
10595,B07F366Z51,949.0,
10603,B077BTLQ67,2790.0,
10611,B07YSJ7FF1,645.0,
10619,B07TXCY3YK,2237.81,
10627,B07TC9F7PN,8699.0,
10635,B09NS5TKPN,42990.0,
10643,B00LP9RFSU,825.0,
10651,B0B7L86YCB,,300.0
10659,B09VPH38JS,697.0,
10667,B01MUAUOCX,688.0,
10675,B09MB3DKG1,,3999.0
10683,B08QHLXWV3,6850.0,
10691,B07G147SZD,,3799.0
10699,B09LH32678,,1999.0
10707,B09R1YFL6S,,2999.0
10714,B07Q4NJQC5,295.0,
10722,B097RN7BBK,479.0,
10730,B097MKZHNV,,4849.0
10738,B07LG96SDB,,510.0
10746,B08KS2KQTK,293.0,
10754,B095K14P86,,1299.0
10762,B08K36NZSV,,999.0
10770,B07LDPLSZC,849.0,
10778,B07F1T31ZZ,249.0,
10786,B0BNDRK886,185.0,
10794,B09ZVJXN5L,778.0,
10799,B08JKPVDKL,279.0,
10807,B09JFR8H3Q,215.0,
10815,B07LDN9Q2P,889.0,
10823,B08T8KWNQ9,,4999.0
10831,B07Y1RCCW5,1190.0,
10839,B0762HXMTF,,1950.0
10847,B00K57MR22,6120.0,
10855,B07TTSS5MP,1799.0,
10863,B09ZDVL7L8,,3895.0
10871,B09XHXXCFH,3685.0,
10879,B0BL3R4RGS,,999.0
10881,B07P1BR7L8,,8995.0
10889,B078WB1VWJ,1110.0,
10897,B0BP89YBC1,1499.0,
10904,B09W9V2PXG,,1999.0
10912,B09XTQFFCG,2669.0,
10920,B08LVVTGZK,929.0,
10928,B07J2BQZD6,,399.0
10936,B07HK53XM4,,599.0
10944,B08RDWBYCQ,,999.0
10952,B09FHHTL8L,85.0,
10960,B0BHNHMR3H,499.0,
10968,B07D8VBYB4,5865.0,
10976,B0B3TBY2YX,1260.0,
10984,B088WCFPQF,,1500.0
10992,B07JZSG42Y,1928.0,
11000,B08YRMBK9R,,6299.0
11008,B00935MGHS,1199.0,
11016,B07B5XJ572,1456.0,
11024,B086199CWG,3349.0,
11032,B0BBWJFK5C,4899.0,
11040,B07GLS2563,1199.0,
11048,B09P182Z2H,3290.0,
11056,B0B59K1C8F,179.0,
11064,B06Y36JKC3,,300.0
11072,B075S9FVRY,5490.0,
11080,B08SJVD8QD,,389.0
11088,B07FJNNZCJ,,13049.0
11096,B09MFR93KS,3041.67,
11104,B07Y5FDPKV,1745.0,
11112,B0756KCV5K,3180.0,
11120,B0BJ6P3LSK,4999.0,
11128,B09HS1NDRQ,390.0,
11136,B018SJJ0GE,,2999.0
11144,B09FPP3R1D,,
11152,B01F7B2JCI,184.0,
11160,B09NNZ1GF7,445.0,
11168,B01CS4A5V4,,1690.0
11176,B0BL11S5QK,1601.0,
11184,B09BL2KHQW,231.0,
11192,B081RLM75M,369.0,
11200,B07SYYVP69,,1950.0
11208,B0BDZWMGZ1,,2990.0
11216,B078JT7LTD,,8073.0
11224,B09WF4Q7B3,,2599.0
11232,B092R48XXB,,29999.0
11240,B00KIDSU8S,,2360.0
11248,B0977CGNJJ,5999.0,
11256,B08WWKM5HQ,2599.0,
11264,B015GX9Y0W,1199.0,
11272,B089BDBDGM,219.0,
11280,B0BPBG712X,799.0,
11288,B00JBNZPFM,6199.0,
11296,B08N6P8G5K,,10995.0
11304,B07NPBG1B4,1982.84,
11312,B01MRARGBW,,400.0
11320,B07VZYMQNZ,1180.0,
11328,B01L7C4IU2,2199.0,
11336,B09H7JDJCW,2999.0,
11344,B07F6GXNPB,,500.0
11352,B0B97D658R,499.0,
11360,B09NFSHCWN,1149.0,
11368,B076VQS87V,,799.0
11376,B09LMMFW3S,,399.0
11384,B0BBLHTRM9,199.0,
11392,B0BJYSCWFQ,899.0,
11400,B0187F2IOK,,2199.0
11408,B0B8CB7MHW,426.0,
11416,B07K19NYZ8,2320.0,
11424,B08ZXZ362Z,1563.0,
11432,B00GHL8VP2,3487.77,
11440,B0B9JZW1SQ,,1200.0
11446,B00TI8E7BI,2695.0,
11454,B07J9KXQCC,,2299.0
11462,B0B3JSWG81,,999.0
11463,B08L7J3T31,379.0,
11471,B01M6453MB,,3045.0
11479,B009P2LIL4,2219.0,
11487,B00J5DYCCA,,1890.0
11495,B01486F4G6,2863.0,
